,model,openml_id,problem_type,accuracy,auc,neg_logloss,neg_MSE,MAE,result,model_score,best_val_score,threshold,metric,max_num_ter
0,Jonas ECE Pseudo Label,1468,multiclass,0.8194444444444444,,-0.4711530757593681,,,-0.4711530757593681,-0.4711530781092329,-0.4469499199398509,0.95,log_loss,0
1,ECE Pseudo Label,1468,multiclass,0.8148148148148148,,-0.4875589999180563,,,-0.4875589999180563,-0.48516659376521903,-0.41656285461347364,0.95,log_loss,1
2,Pseudo Label,1468,multiclass,0.8148148148148148,,-0.48833366631340513,,,-0.48833366631340513,-0.4875167040499272,-0.4179330255653387,0.95,log_loss,1
3,Vanilla,1468,multiclass,0.8194444444444444,,-0.4711530781092329,,,-0.4711530781092329,-0.4711530781092329,-0.4469499199398509,,log_loss,0
